{"cameraMode":{"drawMode":0,"name":"Shaded","section":"Shading Mode"},"sceneLighting":false,"audioPlay":false,"sceneViewState":{"m_AlwaysRefresh":false,"showFog":true,"showSkybox":false,"showFlares":true,"showImageEffects":true,"showParticleSystems":true,"showVisualEffectGraphs":true,"m_FxEnabled":true},"in2DMode":false,"pivot":{"x":-7.753397464752197,"y":3.0599536895751955,"z":17.44928550720215},"rotation":{"x":-0.25723010301589968,"y":0.12828190624713899,"z":-0.034419070929288867,"w":-0.9572792053222656},"size":1.2247449159622193,"orthographic":false}